{
  "best_params": {
    "architecture": "ImprovedResNet",
    "hidden_dim": 256,
    "dropout_rate": 0.10301892772651725,
    "batch_size": 128,
    "learning_rate": 0.006191801342424958,
    "optimizer": "AdamW",
    "weight_decay": 0.0001640148320264181,
    "num_blocks": 1
  },
  "best_value": 0.9149749223787915,
  "n_trials": 20,
  "experiment_name": "my_toxic_bot_experiment",
  "timestamp": "2025-06-02T14:17:29.132933",
  "colab_session": true
}